<?xml version="1.0" encoding="UTF-8"?>
<project-private xmlns="http://www.netbeans.org/ns/project-private/1">
    <editor-bookmarks xmlns="http://www.netbeans.org/ns/editor-bookmarks/2" lastBookmarkId="0"/>
    <open-files xmlns="http://www.netbeans.org/ns/projectui-open-files/2">
        <group>
            <file>file:/C:/xampp/htdocs/PHP/Escola/Professor/incluir.php</file>
            <file>file:/C:/xampp/htdocs/PHP/Escola/Professor/novoProfessor.php</file>
            <file>file:/C:/xampp/htdocs/PHP/Escola/Professor/listar.php</file>
            <file>file:/C:/xampp/htdocs/PHP/Escola/Professor/detalhar.php</file>
            <file>file:/C:/xampp/htdocs/PHP/Escola/Professor/editar.php</file>
            <file>file:/C:/xampp/htdocs/PHP/Escola/Professor/atualizar.php</file>
        </group>
    </open-files>
</project-private>
